1	U10001	11/11/2019 9:05:58 AM	N10084 N10054 N10071 N10046	N10080-0 N10038-1 N10066-0 N10055-0 N10016-0 N10021-1
2	U10002	11/11/2019 9:05:58 AM	N10013 N10021 N10028 N10010 N10051	N10003-0 N10034-0 N10068-0 N10097-1 N10051-1 N10084-0
3	U10003	11/11/2019 9:05:58 AM	N10018 N10078 N10044 N10091 N10006	N10022-1 N10015-0 N10048-0 N10020-1 N10046-0 N10081-0
4	U10004	11/11/2019 9:05:58 AM	N10004 N10076	N10028-0 N10070-0 N10063-0 N10035-0 N10066-0 N10064-0
5	U10005	11/11/2019 9:05:58 AM	N10029 N10083	N10088-0 N10065-0 N10046-1 N10067-0 N10016-0 N10042-1
6	U10006	11/11/2019 9:05:58 AM	N10098 N10084 N10016 N10021	N10047-0 N10039-0 N10084-1 N10037-0 N10009-0 N10072-0
7	U10007	11/11/2019 9:05:58 AM	N10035 N10013 N10054 N10015	N10100-1 N10031-0 N10050-0 N10075-1 N10024-0 N10088-0
8	U10008	11/11/2019 9:05:58 AM	N10050 N10089 N10021	N10026-0 N10068-0 N10022-1 N10074-1 N10011-1 N10020-1
9	U10009	11/11/2019 9:05:58 AM	N10028 N10031 N10036 N10088	N10043-0 N10056-0 N10092-0 N10055-0 N10062-0 N10082-0
10	U10010	11/11/2019 9:05:58 AM	N10022 N10032 N10007 N10077 N10024	N10040-0 N10020-0 N10039-0 N10022-0 N10097-0 N10027-0
11	U10011	11/11/2019 9:05:58 AM	N10057 N10048 N10058 N10050	N10059-0 N10037-0 N10009-1 N10045-0 N10063-1 N10001-1
12	U10012	11/11/2019 9:05:58 AM	N10084 N10079 N10058	N10006-0 N10070-0 N10054-0 N10088-1 N10031-0 N10056-0
13	U10013	11/11/2019 9:05:58 AM	N10059 N10033 N10063 N10056	N10097-1 N10100-0 N10062-0 N10095-0 N10023-1 N10082-0
14	U10014	11/11/2019 9:05:58 AM	N10017 N10023 N10027	N10052-0 N10013-1 N10047-0 N10001-0 N10036-0 N10031-1
15	U10015	11/11/2019 9:05:58 AM	N10037 N10036 N10085 N10075 N10052	N10010-0 N10034-1 N10015-0 N10085-0 N10027-0 N10043-0
16	U10016	11/11/2019 9:05:58 AM	N10099 N10052 N10022 N10089 N10081	N10037-0 N10017-0 N10013-0 N10031-1 N10052-0 N10059-0
17	U10017	11/11/2019 9:05:58 AM	N10033 N10016 N10025	N10044-0 N10099-1 N10034-0 N10077-0 N10065-1 N10091-0
18	U10018	11/11/2019 9:05:58 AM	N10089 N10036 N10076 N10098	N10100-0 N10059-0 N10019-0 N10043-1 N10064-0 N10062-0
19	U10019	11/11/2019 9:05:58 AM	N10061 N10100 N10064 N10078 N10096	N10023-0 N10063-0 N10067-1 N10068-0 N10053-0 N10016-1
20	U10020	11/11/2019 9:05:58 AM	N10045 N10044 N10018 N10069	N10026-0 N10017-1 N10080-0 N10036-0 N10028-0 N10046-0
21	U10021	11/11/2019 9:05:58 AM	N10097 N10089 N10061	N10082-1 N10029-0 N10077-0 N10078-0 N10084-1 N10080-0
22	U10022	11/11/2019 9:05:58 AM	N10034 N10094 N10031	N10082-1 N10020-0 N10097-0 N10098-0 N10004-0 N10041-1
23	U10023	11/11/2019 9:05:58 AM	N10077 N10084 N10024 N10090	N10044-0 N10009-1 N10085-1 N10065-0 N10092-1 N10072-0
24	U10024	11/11/2019 9:05:58 AM	N10098 N10088 N10001 N10068	N10029-0 N10014-1 N10099-1 N10076-1 N10063-0 N10045-0
25	U10025	11/11/2019 9:05:58 AM	N10073 N10064 N10058 N10005 N10063	N10078-1 N10030-1 N10007-0 N10039-0 N10068-0 N10077-0
26	U10026	11/11/2019 9:05:58 AM	N10007 N10098 N10004	N10051-0 N10025-1 N10087-0 N10057-1 N10083-0 N10097-0
27	U10027	11/11/2019 9:05:58 AM	N10029 N10096 N10001 N10083	N10001-0 N10041-0 N10089-1 N10099-0 N10058-1 N10083-0
28	U10028	11/11/2019 9:05:58 AM	N10031 N10003	N10062-0 N10088-0 N10026-0 N10037-0 N10064-0 N10086-1
29	U10029	11/11/2019 9:05:58 AM	N10005 N10058	N10045-0 N10049-0 N10003-0 N10073-0 N10015-0 N10044-0
30	U10030	11/11/2019 9:05:58 AM	N10072 N10097 N10018	N10058-0 N10075-0 N10030-0 N10004-1 N10079-1 N10042-0
31	U10031	11/11/2019 9:05:58 AM	N10078 N10054	N10033-0 N10057-1 N10048-1 N10076-1 N10010-0 N10053-0
32	U10032	11/11/2019 9:05:58 AM	N10079 N10087 N10091 N10010	N10060-1 N10031-0 N10040-0 N10088-0 N10012-0 N10067-1
33	U10033	11/11/2019 9:05:58 AM	N10008 N10093 N10032 N10039 N10046	N10076-1 N10085-0 N10082-0 N10053-0 N10049-1 N10045-0
34	U10034	11/11/2019 9:05:58 AM	N10021 N10030 N10022 N10005 N10048	N10045-1 N10033-1 N10039-1 N10079-0 N10098-0 N10032-1
35	U10035	11/11/2019 9:05:58 AM	N10091 N10014 N10066 N10046	N10068-1 N10019-0 N10035-0 N10017-0 N10054-0 N10080-1
36	U10036	11/11/2019 9:05:58 AM	N10010 N10006 N10033	N10004-0 N10035-0 N10011-0 N10082-1 N10081-1 N10015-0
37	U10037	11/11/2019 9:05:58 AM	N10013 N10048 N10078	N10087-0 N10047-1 N10016-0 N10030-1 N10001-0 N10023-0
38	U10038	11/11/2019 9:05:58 AM	N10046 N10001 N10079 N10008	N10042-0 N10081-0 N10084-0 N10017-1 N10030-0 N10023-0
39	U10039	11/11/2019 9:05:58 AM	N10014 N10097 N10031 N10057	N10049-0 N10008-0 N10062-1 N10089-0 N10085-0 N10042-0
40	U10040	11/11/2019 9:05:58 AM	N10019 N10050 N10001	N10037-0 N10076-0 N10034-0 N10094-1 N10059-0 N10035-0
41	U10041	11/11/2019 9:05:58 AM	N10004 N10010 N10013 N10008	N10060-1 N10066-1 N10049-0 N10088-0 N10059-0 N10078-0
42	U10042	11/11/2019 9:05:58 AM	N10059 N10058 N10083 N10057	N10079-1 N10026-0 N10072-0 N10085-1 N10049-1 N10069-0
43	U10043	11/11/2019 9:05:58 AM	N10017 N10065 N10038	N10093-1 N10002-0 N10018-0 N10090-0 N10043-0 N10031-1
44	U10044	11/11/2019 9:05:58 AM	N10092 N10001 N10032 N10093 N10004	N10074-1 N10002-0 N10048-0 N10098-0 N10014-0 N10097-0
45	U10045	11/11/2019 9:05:58 AM	N10091 N10047 N10050 N10078	N10051-0 N10098-1 N10014-0 N10054-1 N10080-0 N10068-0
46	U10046	11/11/2019 9:05:58 AM	N10058 N10063 N10023 N10015 N10092	N10099-0 N10045-0 N10003-0 N10075-0 N10053-0 N10011-0
47	U10047	11/11/2019 9:05:58 AM	N10062 N10024 N10029 N10047	N10100-0 N10062-0 N10007-0 N10001-0 N10098-0 N10046-0
48	U10048	11/11/2019 9:05:58 AM	N10040 N10036 N10027 N10039	N10062-0 N10095-0 N10047-0 N10087-1 N10006-0 N10053-1
49	U10049	11/11/2019 9:05:58 AM	N10045 N10086 N10077 N10051 N10014	N10048-1 N10032-1 N10094-1 N10055-0 N10072-1 N10034-0
50	U10050	11/11/2019 9:05:58 AM	N10020 N10038 N10087 N10023 N10043	N10093-0 N10099-0 N10087-0 N10072-0 N10074-0 N10084-0
