N10001	technology	ai	Artificial Intelligence Breakthrough in Medical Diagnostics - Edition 1	Researchers introduce a novel deep learning framework capable of detecting early-stage diseases from imaging data.	https://www.msn.com/en-us/news/technology/N10001	[]	[]
N10002	finance	markets	Global Stock Markets Rally Following Central Bank Interest Rate Cut - Edition 2	Major indices hit record highs today after financial authorities announced a lower interest rate benchmark.	https://www.msn.com/en-us/news/finance/N10002	[]	[]
N10003	entertainment	movies	Summer Blockbuster Breaks Opening Weekend Box Office Records - Edition 3	The long-awaited cinematic masterpiece shattered global box office records with unanimous critical acclaim.	https://www.msn.com/en-us/news/entertainment/N10003	[]	[]
N10004	health	wellness	10 Daily Habits for Long-Term Cardiovascular and Mental Wellness - Edition 4	Health experts share actionable lifestyle choices to reduce stress, improve sleep quality, and boost immunity.	https://www.msn.com/en-us/news/health/N10004	[]	[]
N10005	sports	basketball	Superstar Drops 50 Points in Thrilling Overtime Victory - Edition 5	An extraordinary individual performance sealed a dramatic game-7 playoff win in front of a sold-out arena.	https://www.msn.com/en-us/news/sports/N10005	[]	[]
N10006	technology	ai	Quantum Computing Breakthrough Promises Faster Data Security Encryption - Edition 6	Engineers demonstrate quantum supremacy in cryptographic calculations, revolutionizing cybersecurity standards.	https://www.msn.com/en-us/news/technology/N10006	[]	[]
N10007	news	policy	Global Climate Summit Reaches Landmark Renewable Energy Agreement - Edition 7	World leaders unite to sign a binding treaty accelerating clean energy investments over the next decade.	https://www.msn.com/en-us/news/news/N10007	[]	[]
N10008	lifestyle	culture	The Rise of Sustainable Fashion and Eco-Friendly Wardrobes - Edition 8	How consumers and top design brands are pivoting towards zero-waste materials and ethical manufacturing.	https://www.msn.com/en-us/news/lifestyle/N10008	[]	[]
N10009	travel	culture	Top Hidden Travel Destinations to Visit Without Heavy Crowds - Edition 9	Explore serene landscapes, untouched beaches, and rich cultural heritage spots off the beaten path.	https://www.msn.com/en-us/news/travel/N10009	[]	[]
N10010	finance	markets	Cryptocurrency Trends and Regulatory Updates for the Next Quarter - Edition 10	Market analysts evaluate decentralized finance protocols and upcoming international trading regulations.	https://www.msn.com/en-us/news/finance/N10010	[]	[]
N10011	sports	football	Transfer Window Analysis: Top Club Signings and Strategic Moves - Edition 11	A comprehensive review of high-profile player transfers and how teams are restructuring for the season.	https://www.msn.com/en-us/news/sports/N10011	[]	[]
N10012	technology	ai	Autonomous Electric Vehicles Achieve Next Generation Driving Safety - Edition 12	New sensor technology and real-time decision algorithms dramatically reduce navigation errors in urban traffic.	https://www.msn.com/en-us/news/technology/N10012	[]	[]
N10013	health	wellness	The Science of Nutrition: How Balanced Diets Enhance Longevity - Edition 13	Clinical studies highlight the profound influence of gut microbiome diversity on overall immune response.	https://www.msn.com/en-us/news/health/N10013	[]	[]
N10014	entertainment	movies	Behind the Scenes of Award-Winning Cinematography and Sound Design - Edition 14	Directors and audio engineers discuss the craftsmanship behind this year's most visually striking films.	https://www.msn.com/en-us/news/entertainment/N10014	[]	[]
N10015	sports	football	Champions League Final Preview: Tactics, Players, and Predictions - Edition 15	An in-depth look into the upcoming Champions League clash featuring key player matchups and managerial tactics.	https://www.msn.com/en-us/news/sports/N10015	[]	[]
N10016	technology	ai	Artificial Intelligence Breakthrough in Medical Diagnostics - Edition 16	Researchers introduce a novel deep learning framework capable of detecting early-stage diseases from imaging data.	https://www.msn.com/en-us/news/technology/N10016	[]	[]
N10017	finance	markets	Global Stock Markets Rally Following Central Bank Interest Rate Cut - Edition 17	Major indices hit record highs today after financial authorities announced a lower interest rate benchmark.	https://www.msn.com/en-us/news/finance/N10017	[]	[]
N10018	entertainment	movies	Summer Blockbuster Breaks Opening Weekend Box Office Records - Edition 18	The long-awaited cinematic masterpiece shattered global box office records with unanimous critical acclaim.	https://www.msn.com/en-us/news/entertainment/N10018	[]	[]
N10019	health	wellness	10 Daily Habits for Long-Term Cardiovascular and Mental Wellness - Edition 19	Health experts share actionable lifestyle choices to reduce stress, improve sleep quality, and boost immunity.	https://www.msn.com/en-us/news/health/N10019	[]	[]
N10020	sports	basketball	Superstar Drops 50 Points in Thrilling Overtime Victory - Edition 20	An extraordinary individual performance sealed a dramatic game-7 playoff win in front of a sold-out arena.	https://www.msn.com/en-us/news/sports/N10020	[]	[]
N10021	technology	ai	Quantum Computing Breakthrough Promises Faster Data Security Encryption - Edition 21	Engineers demonstrate quantum supremacy in cryptographic calculations, revolutionizing cybersecurity standards.	https://www.msn.com/en-us/news/technology/N10021	[]	[]
N10022	news	policy	Global Climate Summit Reaches Landmark Renewable Energy Agreement - Edition 22	World leaders unite to sign a binding treaty accelerating clean energy investments over the next decade.	https://www.msn.com/en-us/news/news/N10022	[]	[]
N10023	lifestyle	culture	The Rise of Sustainable Fashion and Eco-Friendly Wardrobes - Edition 23	How consumers and top design brands are pivoting towards zero-waste materials and ethical manufacturing.	https://www.msn.com/en-us/news/lifestyle/N10023	[]	[]
N10024	travel	culture	Top Hidden Travel Destinations to Visit Without Heavy Crowds - Edition 24	Explore serene landscapes, untouched beaches, and rich cultural heritage spots off the beaten path.	https://www.msn.com/en-us/news/travel/N10024	[]	[]
N10025	finance	markets	Cryptocurrency Trends and Regulatory Updates for the Next Quarter - Edition 25	Market analysts evaluate decentralized finance protocols and upcoming international trading regulations.	https://www.msn.com/en-us/news/finance/N10025	[]	[]
N10026	sports	football	Transfer Window Analysis: Top Club Signings and Strategic Moves - Edition 26	A comprehensive review of high-profile player transfers and how teams are restructuring for the season.	https://www.msn.com/en-us/news/sports/N10026	[]	[]
N10027	technology	ai	Autonomous Electric Vehicles Achieve Next Generation Driving Safety - Edition 27	New sensor technology and real-time decision algorithms dramatically reduce navigation errors in urban traffic.	https://www.msn.com/en-us/news/technology/N10027	[]	[]
N10028	health	wellness	The Science of Nutrition: How Balanced Diets Enhance Longevity - Edition 28	Clinical studies highlight the profound influence of gut microbiome diversity on overall immune response.	https://www.msn.com/en-us/news/health/N10028	[]	[]
N10029	entertainment	movies	Behind the Scenes of Award-Winning Cinematography and Sound Design - Edition 29	Directors and audio engineers discuss the craftsmanship behind this year's most visually striking films.	https://www.msn.com/en-us/news/entertainment/N10029	[]	[]
N10030	sports	football	Champions League Final Preview: Tactics, Players, and Predictions - Edition 30	An in-depth look into the upcoming Champions League clash featuring key player matchups and managerial tactics.	https://www.msn.com/en-us/news/sports/N10030	[]	[]
N10031	technology	ai	Artificial Intelligence Breakthrough in Medical Diagnostics - Edition 31	Researchers introduce a novel deep learning framework capable of detecting early-stage diseases from imaging data.	https://www.msn.com/en-us/news/technology/N10031	[]	[]
N10032	finance	markets	Global Stock Markets Rally Following Central Bank Interest Rate Cut - Edition 32	Major indices hit record highs today after financial authorities announced a lower interest rate benchmark.	https://www.msn.com/en-us/news/finance/N10032	[]	[]
N10033	entertainment	movies	Summer Blockbuster Breaks Opening Weekend Box Office Records - Edition 33	The long-awaited cinematic masterpiece shattered global box office records with unanimous critical acclaim.	https://www.msn.com/en-us/news/entertainment/N10033	[]	[]
N10034	health	wellness	10 Daily Habits for Long-Term Cardiovascular and Mental Wellness - Edition 34	Health experts share actionable lifestyle choices to reduce stress, improve sleep quality, and boost immunity.	https://www.msn.com/en-us/news/health/N10034	[]	[]
N10035	sports	basketball	Superstar Drops 50 Points in Thrilling Overtime Victory - Edition 35	An extraordinary individual performance sealed a dramatic game-7 playoff win in front of a sold-out arena.	https://www.msn.com/en-us/news/sports/N10035	[]	[]
N10036	technology	ai	Quantum Computing Breakthrough Promises Faster Data Security Encryption - Edition 36	Engineers demonstrate quantum supremacy in cryptographic calculations, revolutionizing cybersecurity standards.	https://www.msn.com/en-us/news/technology/N10036	[]	[]
N10037	news	policy	Global Climate Summit Reaches Landmark Renewable Energy Agreement - Edition 37	World leaders unite to sign a binding treaty accelerating clean energy investments over the next decade.	https://www.msn.com/en-us/news/news/N10037	[]	[]
N10038	lifestyle	culture	The Rise of Sustainable Fashion and Eco-Friendly Wardrobes - Edition 38	How consumers and top design brands are pivoting towards zero-waste materials and ethical manufacturing.	https://www.msn.com/en-us/news/lifestyle/N10038	[]	[]
N10039	travel	culture	Top Hidden Travel Destinations to Visit Without Heavy Crowds - Edition 39	Explore serene landscapes, untouched beaches, and rich cultural heritage spots off the beaten path.	https://www.msn.com/en-us/news/travel/N10039	[]	[]
N10040	finance	markets	Cryptocurrency Trends and Regulatory Updates for the Next Quarter - Edition 40	Market analysts evaluate decentralized finance protocols and upcoming international trading regulations.	https://www.msn.com/en-us/news/finance/N10040	[]	[]
N10041	sports	football	Transfer Window Analysis: Top Club Signings and Strategic Moves - Edition 41	A comprehensive review of high-profile player transfers and how teams are restructuring for the season.	https://www.msn.com/en-us/news/sports/N10041	[]	[]
N10042	technology	ai	Autonomous Electric Vehicles Achieve Next Generation Driving Safety - Edition 42	New sensor technology and real-time decision algorithms dramatically reduce navigation errors in urban traffic.	https://www.msn.com/en-us/news/technology/N10042	[]	[]
N10043	health	wellness	The Science of Nutrition: How Balanced Diets Enhance Longevity - Edition 43	Clinical studies highlight the profound influence of gut microbiome diversity on overall immune response.	https://www.msn.com/en-us/news/health/N10043	[]	[]
N10044	entertainment	movies	Behind the Scenes of Award-Winning Cinematography and Sound Design - Edition 44	Directors and audio engineers discuss the craftsmanship behind this year's most visually striking films.	https://www.msn.com/en-us/news/entertainment/N10044	[]	[]
N10045	sports	football	Champions League Final Preview: Tactics, Players, and Predictions - Edition 45	An in-depth look into the upcoming Champions League clash featuring key player matchups and managerial tactics.	https://www.msn.com/en-us/news/sports/N10045	[]	[]
N10046	technology	ai	Artificial Intelligence Breakthrough in Medical Diagnostics - Edition 46	Researchers introduce a novel deep learning framework capable of detecting early-stage diseases from imaging data.	https://www.msn.com/en-us/news/technology/N10046	[]	[]
N10047	finance	markets	Global Stock Markets Rally Following Central Bank Interest Rate Cut - Edition 47	Major indices hit record highs today after financial authorities announced a lower interest rate benchmark.	https://www.msn.com/en-us/news/finance/N10047	[]	[]
N10048	entertainment	movies	Summer Blockbuster Breaks Opening Weekend Box Office Records - Edition 48	The long-awaited cinematic masterpiece shattered global box office records with unanimous critical acclaim.	https://www.msn.com/en-us/news/entertainment/N10048	[]	[]
N10049	health	wellness	10 Daily Habits for Long-Term Cardiovascular and Mental Wellness - Edition 49	Health experts share actionable lifestyle choices to reduce stress, improve sleep quality, and boost immunity.	https://www.msn.com/en-us/news/health/N10049	[]	[]
N10050	sports	basketball	Superstar Drops 50 Points in Thrilling Overtime Victory - Edition 50	An extraordinary individual performance sealed a dramatic game-7 playoff win in front of a sold-out arena.	https://www.msn.com/en-us/news/sports/N10050	[]	[]
N10051	technology	ai	Quantum Computing Breakthrough Promises Faster Data Security Encryption - Edition 51	Engineers demonstrate quantum supremacy in cryptographic calculations, revolutionizing cybersecurity standards.	https://www.msn.com/en-us/news/technology/N10051	[]	[]
N10052	news	policy	Global Climate Summit Reaches Landmark Renewable Energy Agreement - Edition 52	World leaders unite to sign a binding treaty accelerating clean energy investments over the next decade.	https://www.msn.com/en-us/news/news/N10052	[]	[]
N10053	lifestyle	culture	The Rise of Sustainable Fashion and Eco-Friendly Wardrobes - Edition 53	How consumers and top design brands are pivoting towards zero-waste materials and ethical manufacturing.	https://www.msn.com/en-us/news/lifestyle/N10053	[]	[]
N10054	travel	culture	Top Hidden Travel Destinations to Visit Without Heavy Crowds - Edition 54	Explore serene landscapes, untouched beaches, and rich cultural heritage spots off the beaten path.	https://www.msn.com/en-us/news/travel/N10054	[]	[]
N10055	finance	markets	Cryptocurrency Trends and Regulatory Updates for the Next Quarter - Edition 55	Market analysts evaluate decentralized finance protocols and upcoming international trading regulations.	https://www.msn.com/en-us/news/finance/N10055	[]	[]
N10056	sports	football	Transfer Window Analysis: Top Club Signings and Strategic Moves - Edition 56	A comprehensive review of high-profile player transfers and how teams are restructuring for the season.	https://www.msn.com/en-us/news/sports/N10056	[]	[]
N10057	technology	ai	Autonomous Electric Vehicles Achieve Next Generation Driving Safety - Edition 57	New sensor technology and real-time decision algorithms dramatically reduce navigation errors in urban traffic.	https://www.msn.com/en-us/news/technology/N10057	[]	[]
N10058	health	wellness	The Science of Nutrition: How Balanced Diets Enhance Longevity - Edition 58	Clinical studies highlight the profound influence of gut microbiome diversity on overall immune response.	https://www.msn.com/en-us/news/health/N10058	[]	[]
N10059	entertainment	movies	Behind the Scenes of Award-Winning Cinematography and Sound Design - Edition 59	Directors and audio engineers discuss the craftsmanship behind this year's most visually striking films.	https://www.msn.com/en-us/news/entertainment/N10059	[]	[]
N10060	sports	football	Champions League Final Preview: Tactics, Players, and Predictions - Edition 60	An in-depth look into the upcoming Champions League clash featuring key player matchups and managerial tactics.	https://www.msn.com/en-us/news/sports/N10060	[]	[]
N10061	technology	ai	Artificial Intelligence Breakthrough in Medical Diagnostics - Edition 61	Researchers introduce a novel deep learning framework capable of detecting early-stage diseases from imaging data.	https://www.msn.com/en-us/news/technology/N10061	[]	[]
N10062	finance	markets	Global Stock Markets Rally Following Central Bank Interest Rate Cut - Edition 62	Major indices hit record highs today after financial authorities announced a lower interest rate benchmark.	https://www.msn.com/en-us/news/finance/N10062	[]	[]
N10063	entertainment	movies	Summer Blockbuster Breaks Opening Weekend Box Office Records - Edition 63	The long-awaited cinematic masterpiece shattered global box office records with unanimous critical acclaim.	https://www.msn.com/en-us/news/entertainment/N10063	[]	[]
N10064	health	wellness	10 Daily Habits for Long-Term Cardiovascular and Mental Wellness - Edition 64	Health experts share actionable lifestyle choices to reduce stress, improve sleep quality, and boost immunity.	https://www.msn.com/en-us/news/health/N10064	[]	[]
N10065	sports	basketball	Superstar Drops 50 Points in Thrilling Overtime Victory - Edition 65	An extraordinary individual performance sealed a dramatic game-7 playoff win in front of a sold-out arena.	https://www.msn.com/en-us/news/sports/N10065	[]	[]
N10066	technology	ai	Quantum Computing Breakthrough Promises Faster Data Security Encryption - Edition 66	Engineers demonstrate quantum supremacy in cryptographic calculations, revolutionizing cybersecurity standards.	https://www.msn.com/en-us/news/technology/N10066	[]	[]
N10067	news	policy	Global Climate Summit Reaches Landmark Renewable Energy Agreement - Edition 67	World leaders unite to sign a binding treaty accelerating clean energy investments over the next decade.	https://www.msn.com/en-us/news/news/N10067	[]	[]
N10068	lifestyle	culture	The Rise of Sustainable Fashion and Eco-Friendly Wardrobes - Edition 68	How consumers and top design brands are pivoting towards zero-waste materials and ethical manufacturing.	https://www.msn.com/en-us/news/lifestyle/N10068	[]	[]
N10069	travel	culture	Top Hidden Travel Destinations to Visit Without Heavy Crowds - Edition 69	Explore serene landscapes, untouched beaches, and rich cultural heritage spots off the beaten path.	https://www.msn.com/en-us/news/travel/N10069	[]	[]
N10070	finance	markets	Cryptocurrency Trends and Regulatory Updates for the Next Quarter - Edition 70	Market analysts evaluate decentralized finance protocols and upcoming international trading regulations.	https://www.msn.com/en-us/news/finance/N10070	[]	[]
N10071	sports	football	Transfer Window Analysis: Top Club Signings and Strategic Moves - Edition 71	A comprehensive review of high-profile player transfers and how teams are restructuring for the season.	https://www.msn.com/en-us/news/sports/N10071	[]	[]
N10072	technology	ai	Autonomous Electric Vehicles Achieve Next Generation Driving Safety - Edition 72	New sensor technology and real-time decision algorithms dramatically reduce navigation errors in urban traffic.	https://www.msn.com/en-us/news/technology/N10072	[]	[]
N10073	health	wellness	The Science of Nutrition: How Balanced Diets Enhance Longevity - Edition 73	Clinical studies highlight the profound influence of gut microbiome diversity on overall immune response.	https://www.msn.com/en-us/news/health/N10073	[]	[]
N10074	entertainment	movies	Behind the Scenes of Award-Winning Cinematography and Sound Design - Edition 74	Directors and audio engineers discuss the craftsmanship behind this year's most visually striking films.	https://www.msn.com/en-us/news/entertainment/N10074	[]	[]
N10075	sports	football	Champions League Final Preview: Tactics, Players, and Predictions - Edition 75	An in-depth look into the upcoming Champions League clash featuring key player matchups and managerial tactics.	https://www.msn.com/en-us/news/sports/N10075	[]	[]
N10076	technology	ai	Artificial Intelligence Breakthrough in Medical Diagnostics - Edition 76	Researchers introduce a novel deep learning framework capable of detecting early-stage diseases from imaging data.	https://www.msn.com/en-us/news/technology/N10076	[]	[]
N10077	finance	markets	Global Stock Markets Rally Following Central Bank Interest Rate Cut - Edition 77	Major indices hit record highs today after financial authorities announced a lower interest rate benchmark.	https://www.msn.com/en-us/news/finance/N10077	[]	[]
N10078	entertainment	movies	Summer Blockbuster Breaks Opening Weekend Box Office Records - Edition 78	The long-awaited cinematic masterpiece shattered global box office records with unanimous critical acclaim.	https://www.msn.com/en-us/news/entertainment/N10078	[]	[]
N10079	health	wellness	10 Daily Habits for Long-Term Cardiovascular and Mental Wellness - Edition 79	Health experts share actionable lifestyle choices to reduce stress, improve sleep quality, and boost immunity.	https://www.msn.com/en-us/news/health/N10079	[]	[]
N10080	sports	basketball	Superstar Drops 50 Points in Thrilling Overtime Victory - Edition 80	An extraordinary individual performance sealed a dramatic game-7 playoff win in front of a sold-out arena.	https://www.msn.com/en-us/news/sports/N10080	[]	[]
N10081	technology	ai	Quantum Computing Breakthrough Promises Faster Data Security Encryption - Edition 81	Engineers demonstrate quantum supremacy in cryptographic calculations, revolutionizing cybersecurity standards.	https://www.msn.com/en-us/news/technology/N10081	[]	[]
N10082	news	policy	Global Climate Summit Reaches Landmark Renewable Energy Agreement - Edition 82	World leaders unite to sign a binding treaty accelerating clean energy investments over the next decade.	https://www.msn.com/en-us/news/news/N10082	[]	[]
N10083	lifestyle	culture	The Rise of Sustainable Fashion and Eco-Friendly Wardrobes - Edition 83	How consumers and top design brands are pivoting towards zero-waste materials and ethical manufacturing.	https://www.msn.com/en-us/news/lifestyle/N10083	[]	[]
N10084	travel	culture	Top Hidden Travel Destinations to Visit Without Heavy Crowds - Edition 84	Explore serene landscapes, untouched beaches, and rich cultural heritage spots off the beaten path.	https://www.msn.com/en-us/news/travel/N10084	[]	[]
N10085	finance	markets	Cryptocurrency Trends and Regulatory Updates for the Next Quarter - Edition 85	Market analysts evaluate decentralized finance protocols and upcoming international trading regulations.	https://www.msn.com/en-us/news/finance/N10085	[]	[]
N10086	sports	football	Transfer Window Analysis: Top Club Signings and Strategic Moves - Edition 86	A comprehensive review of high-profile player transfers and how teams are restructuring for the season.	https://www.msn.com/en-us/news/sports/N10086	[]	[]
N10087	technology	ai	Autonomous Electric Vehicles Achieve Next Generation Driving Safety - Edition 87	New sensor technology and real-time decision algorithms dramatically reduce navigation errors in urban traffic.	https://www.msn.com/en-us/news/technology/N10087	[]	[]
N10088	health	wellness	The Science of Nutrition: How Balanced Diets Enhance Longevity - Edition 88	Clinical studies highlight the profound influence of gut microbiome diversity on overall immune response.	https://www.msn.com/en-us/news/health/N10088	[]	[]
N10089	entertainment	movies	Behind the Scenes of Award-Winning Cinematography and Sound Design - Edition 89	Directors and audio engineers discuss the craftsmanship behind this year's most visually striking films.	https://www.msn.com/en-us/news/entertainment/N10089	[]	[]
N10090	sports	football	Champions League Final Preview: Tactics, Players, and Predictions - Edition 90	An in-depth look into the upcoming Champions League clash featuring key player matchups and managerial tactics.	https://www.msn.com/en-us/news/sports/N10090	[]	[]
N10091	technology	ai	Artificial Intelligence Breakthrough in Medical Diagnostics - Edition 91	Researchers introduce a novel deep learning framework capable of detecting early-stage diseases from imaging data.	https://www.msn.com/en-us/news/technology/N10091	[]	[]
N10092	finance	markets	Global Stock Markets Rally Following Central Bank Interest Rate Cut - Edition 92	Major indices hit record highs today after financial authorities announced a lower interest rate benchmark.	https://www.msn.com/en-us/news/finance/N10092	[]	[]
N10093	entertainment	movies	Summer Blockbuster Breaks Opening Weekend Box Office Records - Edition 93	The long-awaited cinematic masterpiece shattered global box office records with unanimous critical acclaim.	https://www.msn.com/en-us/news/entertainment/N10093	[]	[]
N10094	health	wellness	10 Daily Habits for Long-Term Cardiovascular and Mental Wellness - Edition 94	Health experts share actionable lifestyle choices to reduce stress, improve sleep quality, and boost immunity.	https://www.msn.com/en-us/news/health/N10094	[]	[]
N10095	sports	basketball	Superstar Drops 50 Points in Thrilling Overtime Victory - Edition 95	An extraordinary individual performance sealed a dramatic game-7 playoff win in front of a sold-out arena.	https://www.msn.com/en-us/news/sports/N10095	[]	[]
N10096	technology	ai	Quantum Computing Breakthrough Promises Faster Data Security Encryption - Edition 96	Engineers demonstrate quantum supremacy in cryptographic calculations, revolutionizing cybersecurity standards.	https://www.msn.com/en-us/news/technology/N10096	[]	[]
N10097	news	policy	Global Climate Summit Reaches Landmark Renewable Energy Agreement - Edition 97	World leaders unite to sign a binding treaty accelerating clean energy investments over the next decade.	https://www.msn.com/en-us/news/news/N10097	[]	[]
N10098	lifestyle	culture	The Rise of Sustainable Fashion and Eco-Friendly Wardrobes - Edition 98	How consumers and top design brands are pivoting towards zero-waste materials and ethical manufacturing.	https://www.msn.com/en-us/news/lifestyle/N10098	[]	[]
N10099	travel	culture	Top Hidden Travel Destinations to Visit Without Heavy Crowds - Edition 99	Explore serene landscapes, untouched beaches, and rich cultural heritage spots off the beaten path.	https://www.msn.com/en-us/news/travel/N10099	[]	[]
N10100	finance	markets	Cryptocurrency Trends and Regulatory Updates for the Next Quarter - Edition 100	Market analysts evaluate decentralized finance protocols and upcoming international trading regulations.	https://www.msn.com/en-us/news/finance/N10100	[]	[]
